<?xml version="1.0" encoding="UTF-8"?>
<beans xmlns="http://www.springframework.org/schema/beans"
       xmlns:xsi="http://www.w3.org/2001/XMLSchema-instance"
       xmlns:jaxws="http://cxf.apache.org/jaxws"
       xmlns:jaxrs="http://cxf.apache.org/jaxrs"
       xsi:schemaLocation="
http://www.springframework.org/schema/beans http://www.springframework.org/schema/beans/spring-beans-2.0.xsd
http://cxf.apache.org/jaxws http://cxf.apache.org/schemas/jaxws.xsd
http://cxf.apache.org/jaxrs http://cxf.apache.org/schemas/jaxrs.xsd">

    <!-- these are included in the dependency jar -->
    <import resource="classpath:META-INF/cxf/cxf.xml"/>
    <import resource="classpath:META-INF/cxf/cxf-servlet.xml"/>

    <!-- rest container -->
    <jaxrs:server id="hostStatusInfoServiceREST" address="/hostInfo">
        <jaxrs:serviceBeans>
            <ref bean="hostInfoServiceRESTGateway"/>
        </jaxrs:serviceBeans>
        <jaxrs:providers>
            <bean class="org.codehaus.jackson.jaxrs.JacksonJsonProvider"/>
            <bean class="com.luckyryan.sample.service.ExceptionHandler"/>
        </jaxrs:providers>
    </jaxrs:server>
    
    <jaxrs:server id="commandServiceREST" address="/command">
        <jaxrs:serviceBeans>
            <ref bean="commandServiceRESTGateway"/>
        </jaxrs:serviceBeans>
        <jaxrs:providers>
            <bean class="org.codehaus.jackson.jaxrs.JacksonJsonProvider"/>
            <bean class="com.luckyryan.sample.service.ExceptionHandler"/>
        </jaxrs:providers>
    </jaxrs:server>
       
</beans>