<?xml version="1.0" encoding="UTF-8"?>
<beans xmlns="http://www.springframework.org/schema/beans"  
    xmlns:xsi="http://www.w3.org/2001/XMLSchema-instance"  
    xmlns:p="http://www.springframework.org/schema/p"  
    xmlns:mvc="http://www.springframework.org/schema/mvc"  
    xmlns:context="http://www.springframework.org/schema/context"  
    xmlns:util="http://www.springframework.org/schema/util"  
    xsi:schemaLocation="http://www.springframework.org/schema/beans http://www.springframework.org/schema/beans/spring-beans-3.0.xsd  
            http://www.springframework.org/schema/context http://www.springframework.org/schema/context/spring-context-3.0.xsd  
            http://www.springframework.org/schema/mvc http://www.springframework.org/schema/mvc/spring-mvc-3.0.xsd  
            http://www.springframework.org/schema/util http://www.springframework.org/schema/util/spring-util-3.0.xsd">  
  
    <mvc:annotation-driven />  
    <context:annotation-config/>
    <context:component-scan base-package="com.luckyryan.sample"/>
        
    <bean id="viewResolver"  
        class="org.springframework.web.servlet.view.InternalResourceViewResolver"  
        p:viewClass="org.springframework.web.servlet.view.JstlView" p:prefix="/WEB-INF/pages/"  
        p:suffix=".jsp" />    
        
    <!-- <mvc:resources mapping="/resources/**" location="/resources/" /> -->  
    <!-- <mvc:resources mapping="/js/**" location="/resources/js/"/> --> 
    <mvc:resources location="/WEB-INF/js/" mapping="/js/**" /> 
    <mvc:resources location="/WEB-INF/css/" mapping="/css/**" />
         
</beans>