<?xml version="1.0" encoding="UTF-8"?>
<beans xmlns="http://www.springframework.org/schema/beans"
       xmlns:xsi="http://www.w3.org/2001/XMLSchema-instance"
       xmlns:context="http://www.springframework.org/schema/context"
       xmlns:jpa="http://www.springframework.org/schema/data/jpa"
       xsi:schemaLocation="http://www.springframework.org/schema/beans http://www.springframework.org/schema/beans/spring-beans-3.2.xsd
           http://www.springframework.org/schema/context http://www.springframework.org/schema/context/spring-context-3.2.xsd

           http://www.springframework.org/schema/data/jpa http://www.springframework.org/schema/data/jpa/spring-jpa-1.0.xsd">

    <context:annotation-config/>
    <context:component-scan base-package="com.luckyryan.sample"/>

    <!-- BoneCP configuration -->
    <bean id="mainDataSource" class="com.jolbox.bonecp.BoneCPDataSource" destroy-method="close">
        <property name="driverClass" value="org.postgresql.Driver"/>
        <property name="jdbcUrl" value="${jdbc.url}"/>
        <property name="username" value="${jdbc.username}"/>
        <property name="password" value="${jdbc.password}"/>
        <property name="idleConnectionTestPeriodInMinutes" value="60"/>
        <property name="idleMaxAgeInMinutes" value="240"/>
        <property name="maxConnectionsPerPartition" value="30"/>
        <property name="minConnectionsPerPartition" value="10"/>
        <property name="partitionCount" value="3"/>
        <property name="acquireIncrement" value="5"/>
        <property name="statementsCacheSize" value="100"/>
        <property name="releaseHelperThreads" value="3"/>
    </bean>

    <!-- SPRING - JPA -->
    <jpa:repositories
            base-package="com.luckyryan.sample.dao"/>

    <bean class="org.springframework.orm.jpa.JpaTransactionManager"
          id="transactionManager">
        <property name="entityManagerFactory"
                  ref="entityManagerFactory"/>
        <property name="jpaDialect">
            <bean class="org.springframework.orm.jpa.vendor.HibernateJpaDialect"/>
        </property>
    </bean>

    <bean id="entityManagerFactory"
          class="org.springframework.orm.jpa.LocalContainerEntityManagerFactoryBean">
        <property name="dataSource" ref="mainDataSource"/>
        <property name="packagesToScan" value="com.luckyryan.sample.dao.model"/>
        <property name="jpaVendorAdapter">
            <bean class="org.springframework.orm.jpa.vendor.HibernateJpaVendorAdapter">
                <property name="generateDdl" value="true"/>
                <property name="showSql" value="false"/>
                <property name="databasePlatform" value="org.hibernate.dialect.PostgreSQLDialect"/>
                <property name="database" value="POSTGRESQL"/>
            </bean>
        </property>
        <property name="jpaProperties">
            <value>
                hibernate.cache.use_second_level_cache = true
                hibernate.cache.region.factory_class = org.hibernate.cache.ehcache.EhCacheRegionFactory
                hibernate.cache.use_query_cache = true
                hibernate.generate_statistics = true
            </value>
        </property>
    </bean>

</beans>